cluster_id,n_samples,percentage,feature_00_mean,feature_00_std,feature_01_mean,feature_01_std,feature_02_mean,feature_02_std,feature_03_mean,feature_03_std,feature_04_mean,feature_04_std,feature_05_mean,feature_05_std,feature_06_mean,feature_06_std,feature_07_mean,feature_07_std,feature_08_mean,feature_08_std,feature_09_mean,feature_09_std,feature_10_mean,feature_10_std,feature_11_mean,feature_11_std,feature_12_mean,feature_12_std,feature_13_mean,feature_13_std,feature_14_mean,feature_14_std,feature_15_mean,feature_15_std
0,309,30.9,0.8465418742090297,0.8698542097625181,0.6389475090862067,0.6593548195199994,-0.27238964174850916,0.46156479604374623,0.10211185927468373,0.9285813563727331,-0.1543231352728542,1.1044534549146985,0.187374058075564,0.9270042147842111,-0.06704916168315626,0.995004690288075,-0.024800358115950022,0.9425607815554279,0.19135453033324953,1.014225704629412,-0.15585286820443484,0.8721112865031245,0.007644716918108572,1.036377844556236,0.3965243182687706,1.0934429992784314,-0.0006809231020069494,1.019743299236264,-0.18035908250552526,0.9008866575462295,-0.12542373014203198,0.9914040481761109,-0.06372561894610623,1.0243871948694623
1,343,34.300000000000004,-0.8240230859516188,0.787394244069692,-0.5544292717206063,0.6408972287083726,0.2859305342677914,0.43706858500135426,0.2725790315143906,0.94056804852776,0.005112106480684687,1.027400639489536,-0.18709053494081998,1.0009591988015367,0.25272954650755336,0.9815282527905489,0.001063565373278207,0.9949057775770166,0.049126660831706935,0.8817109626534487,-0.15675025544077714,0.9596306797968862,0.181335266886774,0.9372412179464249,-0.10559971708321166,1.0329195584288706,-0.07049373472981683,1.0563073416345057,-0.033028698112212984,1.0099085610816323,-0.10801872840206045,1.058319459956143,0.29978482427380887,0.8971732903621413
2,348,34.8,0.04220660538990175,0.6456406397687366,-0.017513255330008345,0.5496866751053935,0.005726275242450491,0.4367574516270424,-0.44640702680349736,0.8762865045309475,0.14240680502826583,0.904075737730286,0.05154816860397092,1.0429945647579495,-0.19637007070654314,1.018600585604999,-0.05473041714015081,1.0988935950090775,-0.3760861684166858,0.9536555439082058,0.39978989766819484,0.9661692728881991,-0.024501349474502943,1.033216274092807,-0.06957729850592208,0.8617869600729655,0.03642564784235576,0.9421634142350368,0.14871309521510076,0.999609767843184,0.22542940852759397,0.9680194033799973,-0.23644333757658745,0.9427425823660407
